cbsa_name,population,median_hh_income,density,sg_stores,cmg_stores,sg_per_m,cmg_per_m
"New York-Newark-Jersey City, NY-NJ Metro Area",19756722,97334,3217.919988275929,49,222,2.480168521883337,11.236681874655115
"Los Angeles-Long Beach-Anaheim, CA Metro Area",13012469,93525,2681.2660806653057,27,159,2.074932897054356,12.219049282653431
"Chicago-Naperville-Elgin, IL-IN Metro Area",9359555,88850,1351.9234775207456,24,172,2.564224474347338,18.376942066155923
"Dallas-Fort Worth-Arlington, TX Metro Area",7807555,87155,899.9437308611966,6,144,0.7684864211651407,18.44367410796338
"Houston-Pasadena-The Woodlands, TX Metro Area",7274714,80458,823.1115695855103,6,96,0.8247746921734654,13.196395074775449
"Washington-Arlington-Alexandria, DC-VA-MD-WV Metro Area",6263796,123896,1038.0045972088865,30,149,4.7894280081918374,23.78749244068613
"Philadelphia-Camden-Wilmington, PA-NJ-DE-MD Metro Area",6241882,89273,1355.9857876340811,9,65,1.4418728197681403,10.41352592054768
"Atlanta-Sandy Springs-Roswell, GA Metro Area",6176937,86338,703.0778929889234,6,102,0.9713552202329409,16.513038743959992
"Miami-Fort Lauderdale-West Palm Beach, FL Metro Area",6138876,73481,1211.5106160814878,7,88,1.140273887271872,14.334871725703533
"Phoenix-Mesa-Chandler, AZ Metro Area",4941206,84703,339.1662053033142,3,84,0.6071392287631805,16.999898405369052
"Boston-Cambridge-Newton, MA-NH Metro Area",4917661,112484,1410.6487554820649,23,62,4.677020233806275,12.607619760695176
"San Francisco-Oakland-Fremont, CA Metro Area",4653593,133780,1884.196991944827,9,64,1.933989500156116,13.75281422333238
"Riverside-San Bernardino-Ontario, CA Metro Area",4637725,86031,170.02066772353348,1,65,0.2156229616891903,14.015492509797369
"Detroit-Warren-Dearborn, MI Metro Area",4367620,75123,1122.1096780998855,4,33,0.9158305896575252,7.555602364674583
"Seattle-Tacoma-Bellevue, WA Metro Area",4021467,112594,685.0612805450019,3,44,0.7459964236931448,10.941280880832789
"Minneapolis-St. Paul-Bloomington, MN-WI Metro Area",3693351,98180,524.0667348573983,5,84,1.3537841380361628,22.743573519007537
"San Diego-Chula Vista-Carlsbad, CA Metro Area",3282782,102285,779.6731296564393,5,38,1.5230983964210842,11.57554781280024
"Tampa-St. Petersburg-Clearwater, FL Metro Area",3240469,71254,1288.0201906705906,3,57,0.9257919146888922,17.590046379088953
"Denver-Aurora-Centennial, CO Metro Area",2977085,102339,356.76662045064757,6,61,2.0153942531032873,20.48984157321675
"Baltimore-Columbia-Towson, MD Metro Area",2839409,97300,1091.4635089431854,2,46,0.7043719309194273,16.20055441114683
"St. Louis, MO-IL Metro Area",2809414,78225,357.2729541991087,0,20,0,7.118922309065165
"Orlando-Kissimmee-Sanford, FL Metro Area",2721022,75611,779.2063900146776,0,64,0,23.52057425482043
"Charlotte-Concord-Gastonia, NC-SC Metro Area",2712818,80201,484.6462195947502,3,40,1.105861137754173,14.74481517005564
"San Antonio-New Braunfels, TX Metro Area",2612802,74297,357.2725665549347,1,29,0.38273087666038225,11.099195423151086
"Portland-Vancouver-Hillsboro, OR-WA Metro Area",2510529,94573,375.4121705201352,0,42,0,16.729541861496124
"Pittsburgh, PA Metro Area",2443921,73942,433.2944795142971,0,33,0,13.502891460075835
"Sacramento-Roseville-Folsom, CA Metro Area",2406563,93986,472.5057554285798,2,44,0.8310607285161453,18.283336027355197
"Austin-Round Rock-San Marcos, TX Metro Area",2357497,97638,558.6812958561997,6,38,2.545072167642207,16.11879039506731
"Las Vegas-Henderson-North Las Vegas, NV Metro Area",2293764,73845,290.65667608066565,0,35,0,15.258762453329986
"Cincinnati, OH-KY-IN Metro Area",2255257,79490,514.2903801551513,0,62,0,27.49132360524765
"Kansas City, MO-KS Metro Area",2202006,81927,303.4522540314972,0,49,0,22.252437095993383
"Cleveland, OH Metro Area",2171978,68507,804.0055955463748,0,59,0,27.164179379349143
"Columbus, OH Metro Area",2151847,79847,448.5472644089813,2,53,0.929434109395324,24.63000389897609
"Indianapolis-Carmel-Greenwood, IN Metro Area",2106327,77065,515.5064444074396,5,28,2.373800459282913,13.293282571984314
"Nashville-Davidson--Murfreesboro--Franklin, TN Metro Area",2043713,82499,324.3005418782968,1,31,0.4893054944603279,15.168470328270164
"San Jose-Sunnyvale-Santa Clara, CA Metro Area",1969353,157444,734.9056634140127,6,29,3.046685891254641,14.72564847439743
"Virginia Beach-Chesapeake-Norfolk, VA-NC Metro Area",1782590,80533,556.733716725491,0,21,0,11.780611357631312
"Providence-Warwick, RI-MA Metro Area",1673807,85646,1054.6983402722758,2,22,1.1948808912855544,13.1436898041411
"Jacksonville, FL Metro Area",1645707,77013,513.9996555486022,1,23,0.6076415789687958,13.975756316282302
"Milwaukee-Waukesha, WI Metro Area",1566361,76404,1076.6575358507753,2,13,1.2768448652641378,8.299491624216895
"Raleigh-Cary, NC Metro Area",1449594,96066,684.2767749295447,1,25,0.6898483299461781,17.24620824865445
"Oklahoma City, OK Metro Area",1445122,70499,262.1905943569177,0,8,0,5.5358647920383195
"Louisville/Jefferson County, KY-IN Metro Area",1361847,71737,343.8306007992925,0,11,0,8.07726565465871
"Memphis, TN-MS-AR Metro Area",1341606,64743,269.2986377842291,0,12,0,8.94450382601151
"Richmond, VA Metro Area",1327321,84405,304.13019087985634,1,22,0.75339725657923,16.574739644743058
"Salt Lake City-Murray, UT Metro Area",1261337,95045,161.8526167720084,1,15,0.7928095346445875,11.892143019668811
"Birmingham, AL Metro Area",1181432,69627,223.76547413774065,0,11,0,9.31073476933078
"Fresno, CA Metro Area",1170942,71897,144.64466978398153,0,15,0,12.810198968010372
"Buffalo-Cheektowaga, NY Metro Area",1161385,70572,742.0462851570674,0,10,0,8.610409123589509
"Grand Rapids-Wyoming-Kentwood, MI Metro Area",1154320,80296,356.0295546167647,0,7,0,6.064176311594705
"Hartford-West Hartford-East Hartford, CT Metro Area",1144012,92823,788.1783546304694,1,15,0.8741167050695272,13.111750576042908
"Rochester, NY Metro Area",1058875,74438,361.6665071357525,0,14,0,13.221579506551764
"Tucson, AZ Metro Area",1049947,67929,114.26523651382796,0,16,0,15.238864437919249
"Tulsa, OK Metro Area",1026209,67823,163.6624894872054,0,10,0,9.744603682095947
"Urban Honolulu, HI Metro Area",1003666,104264,1670.589188860685,0,0,0,0
"New Orleans-Metairie, LA Metro Area",988763,62271,419.22466840861006,0,5,0,5.056823525961226
"Omaha, NE-IA Metro Area",972840,83023,223.87027657660332,0,11,0,11.307100859339664
"Bridgeport-Stamford-Danbury, CT Metro Area",947528,111656,1409.3650560601793,3,14,3.1661333490936414,14.775288962436994
"Greenville-Anderson-Greer, SC Metro Area",945301,69016,348.87128755104055,0,12,0,12.6943693067076
"Knoxville, TN Metro Area",919553,69734,262.65960359260026,0,6,0,6.524909385320911
"Albuquerque, NM Metro Area",918567,67995,98.9473017739062,0,7,0,7.62056551128007
"Bakersfield-Delano, CA Metro Area",910433,67660,111.92005376592093,0,12,0,13.180541566485395
"Albany-Schenectady-Troy, NY Metro Area",902372,86072,320.9228030804925,0,10,0,11.081904137096451
"McAllen-Edinburg-Mission, TX Metro Area",880921,52281,560.6695476726923,0,5,0,5.675877859649163
"Baton Rouge, LA Metro Area",871379,68910,199.36825866665657,0,4,0,4.590425061884668
"El Paso, TX Metro Area",869606,58800,155.7315262545127,0,10,0,11.499460675294328
"Allentown-Bethlehem-Easton, PA-NJ Metro Area",866764,82602,596.5244100163069,0,8,0,9.22973266079348
"North Port-Bradenton-Sarasota, FL Metro Area",865031,78278,666.0396575792893,0,13,0,15.028363145367043
"Worcester, MA Metro Area",861664,93561,570.3828139400724,0,7,0,8.123816243918743
"Columbia, SC Metro Area",839868,66146,226.80195728630304,0,10,0,11.906632947082162
"Oxnard-Thousand Oaks-Ventura, CA Metro Area",838259,107327,455.3837725180547,1,9,1.192948718713429,10.73653846842086
"Charleston-North Charleston, SC Metro Area",817756,82272,315.71389324459625,0,11,0,13.451445174355186
"Dayton-Kettering-Beavercreek, OH Metro Area",813608,69752,634.8562225753135,0,19,0,23.35276939263134
"Cape Coral-Fort Myers, FL Metro Area",792692,73099,1014.9362908362106,0,7,0,8.83066815358298
"Boise City, ID Metro Area",790640,82694,67.19361869650857,0,9,0,11.383183243954266
"Stockton-Lodi, CA Metro Area",787416,88531,565.5758749470526,0,12,0,15.239720808314791
"Greensboro-High Point, NC Metro Area",779894,63083,391.1289734746031,0,12,0,15.386706398561856
"Lakeland-Winter Haven, FL Metro Area",760961,63644,423.1984045842495,0,10,0,13.141277936714234
"Colorado Springs, CO Metro Area",760782,87180,283.49762398602854,0,13,0,17.087680833668514
"Little Rock-North Little Rock-Conway, AR Metro Area",753605,65309,184.5352778524984,0,6,0,7.961730614844647
"Des Moines-West Des Moines, IA Metro Area",720331,84209,199.41021005447757,0,7,0,9.717754754411512
"Kiryas Joel-Poughkeepsie-Newburgh, NY Metro Area",700984,96912,436.0221602009821,1,6,1.4265660842472865,8.55939650548372
"Akron, OH Metro Area",699508,71312,777.0573881503296,0,20,0,28.59152432852805
"Provo-Orem-Lehi, UT Metro Area",695895,96745,128.95846675633769,0,8,0,11.495987181974291
"Deltona-Daytona Beach-Ormond Beach, FL Metro Area",689939,67599,434.66004772961327,0,10,0,14.494034979904022
"Madison, WI Metro Area",683967,86827,206.70910721962736,2,6,2.924117684040312,8.772353052120936
"Winston-Salem, NC Metro Area",683637,64282,340.28688730905134,0,5,0,7.313822979154141
"Syracuse, NY Metro Area",657128,73558,275.54271552615927,0,5,0,7.608867678747519
"Wichita, KS Metro Area",648935,68930,156.43997894468274,0,11,0,16.950850239238136
"Ogden, UT Metro Area",645510,98361,417.81620222097933,0,8,0,12.393301420582176
"Palm Bay-Melbourne-Titusville, FL Metro Area",620533,75817,611.3807028764213,0,9,0,14.50366056277426
"Augusta-Richmond County, GA-SC Metro Area",618022,66628,177.556618719774,0,2,0,3.2361307526269294
"Jackson, MS Metro Area",615908,60489,102.40820873082052,0,4,0,6.494476447781162
"Toledo, OH Metro Area",602977,63749,442.6246799905551,0,11,0,18.242818548634524
"Harrisburg-Carlisle, PA Metro Area",597894,79281,368.6603559469069,0,11,0,18.397909997424293
"Durham-Chapel Hill, NC Metro Area",594291,81017,337.87546593220486,1,12,1.6826773415717216,20.19212809886066
"Spokane-Spokane Valley, WA Metro Area",591793,72836,139.53016532700482,0,7,0,11.828460289324138
"Chattanooga, TN-GA Metro Area",569333,68666,272.5654956300371,0,3,0,5.269323928175602
"Scranton--Wilkes-Barre, PA Metro Area",567887,63656,325.25932340977835,0,5,0,8.804568514510809
"New Haven, CT Metro Area",566803,86266,1543.7118025350287,1,6,1.764281417000263,10.585688502001576
"Fayetteville-Springdale-Rogers, AR Metro Area",563436,77979,214.77154005350295,2,7,3.5496489397198614,12.423771289019514
"Portland-South Portland, ME Metro Area",557764,88602,267.9795390340036,0,5,0,8.964364856821163
"Reno, NV Metro Area",556539,84684,64.84408040033156,0,6,0,10.780915623163876
"Lancaster, PA Metro Area",555151,83703,588.1311049548161,0,4,0,7.205246860764009
"Modesto, CA Metro Area",552250,79661,369.1140349173587,0,7,0,12.675418741511995
"Lexington-Fayette, KY Metro Area",517378,70717,351.9659423079701,0,13,0,25.12669653522183
"Pensacola-Ferry Pass-Brent, FL Metro Area",516994,73588,309.68944561593133,0,7,0,13.539808972637982
"Port St. Lucie, FL Metro Area",506701,72506,454.1569925820059,0,7,0,13.81485333559634
"Huntsville, AL Metro Area",504712,83529,369.75089426007946,0,6,0,11.887967791532596
"Killeen-Temple, TX Metro Area",485850,67203,172.37243888215338,0,6,0,12.34949058351343
"Santa Rosa-Petaluma, CA Metro Area",485642,102840,308.27820190661953,1,4,2.0591299764023705,8.236519905609482
"Springfield, MO Metro Area",481671,61488,160.18470594459458,0,3,0,6.2283176691143955
"Visalia, CA Metro Area",475774,69489,98.628517623175,0,7,0,14.712867874242814
"Lansing-East Lansing, MI Metro Area",470434,70886,276.9467455974492,0,4,0,8.502786788369887
"Springfield, MA Metro Area",462853,70535,750.1611045212732,0,7,0,15.1235921556088
"York-Hanover, PA Metro Area",459312,82238,507.88313281567827,0,5,0,10.885846657609642
"Waterbury-Shelton, CT Metro Area",452303,86365,1095.736996754308,0,5,0,11.054536450123036
"Fort Wayne, IN Metro Area",451440,69378,331.73266580518305,0,4,0,8.86053517632465
"Vallejo, CA Metro Area",450824,99994,548.6237197220353,0,5,0,11.090802619203949
"Corpus Christi, TX Metro Area",446797,65801,250.3575845198628,0,3,0,6.714458691531053
"Santa Maria-Santa Barbara, CA Metro Area",443975,95977,162.39376937071268,0,4,0,9.00951630159356
"Wilmington, NC Metro Area",440578,73687,230.23282096562664,0,5,0,11.348728261511017
"Salinas, CA Metro Area",435834,94486,132.8066721225768,0,5,0,11.47225778622136
"Salem, OR Metro Area",435085,76010,226.3988357055921,0,5,0,11.492007308916648
"Reading, PA Metro Area",429989,77684,502.0875062997168,0,4,0,9.30256355395138
"Youngstown-Warren, OH Metro Area",428430,55357,416.3289698500768,0,7,0,16.338725112620498
"Manchester-Nashua, NH Metro Area",424732,100436,484.5607474967073,1,4,2.354425849712289,9.417703398849156
"Brownsville-Harlingen, TX Metro Area",423192,51334,474.5797778648361,0,2,0,4.725987258738351
"Gulfport-Biloxi, MS Metro Area",418452,61266,188.8398448846545,0,2,0,4.7795207096632355
"Mobile, AL Metro Area",413162,58119,336.0750987234889,0,3,0,7.261074348560613
"Savannah, GA Metro Area",412089,74632,305.4526766017368,0,6,0,14.559961561701478
"Lafayette, LA Metro Area",410883,60910,145.00413511775207,0,1,0,2.4337828530262873
"Asheville, NC Metro Area",410817,69236,277.7568396670682,0,5,0,12.170869267824846
"Flint, MI Metro Area",404087,60673,634.4165170907555,0,3,0,7.424143810615042
"Canton-Massillon, OH Metro Area",400495,65666,412.95832226323944,0,11,0,27.46601081162062
"Anchorage, AK Metro Area",399746,95918,15.133690901663638,0,0,0,0
"Beaumont-Port Arthur, TX Metro Area",396058,65245,188.5006305686689,0,3,0,7.57464815759308
"Fayetteville, NC Metro Area",389851,58909,373.8793790465352,0,4,0,10.260330228728412
"Shreveport-Bossier City, LA Metro Area",389004,54635,149.87671276024292,0,3,0,7.712002961409137
"Tallahassee, FL Metro Area",388298,63078,162.51535652494547,0,4,0,10.301366476263077
"Ocala, FL Metro Area",387697,58535,244.07680182427808,0,4,0,10.317335444947988
"Naples-Marco Island, FL Metro Area",387681,86173,194.14652208678345,0,4,0,10.317761252163503
"Montgomery, AL Metro Area",385159,62746,141.8941461128976,0,3,0,7.788991040063974
"Trenton-Princeton, NJ Metro Area",383286,96333,1707.4544605441051,0,3,0,7.827053427466695
"Eugene-Springfield, OR Metro Area",382628,69311,84.01849973919704,0,4,0,10.454018001818998
"Davenport-Moline-Rock Island, IA-IL Metro Area",381864,71925,168.2299237345012,0,3,0,7.856200113129282
"Huntington-Ashland, WV-KY-OH Metro Area",372801,58483,127.86795083757691,0,2,0,5.364792476415031
"Atlantic City-Hammonton, NJ Metro Area",369940,80600,458.3577291968024,0,6,0,16.218846299399903
"Myrtle Beach-Conway-North Myrtle Beach, SC Metro Area",368937,64623,325.58278378408113,0,5,0,13.552449334168164
"Ann Arbor, MI Metro Area",368394,87156,521.802159941545,2,4,5.4289700700880035,10.857940140176009
"Hickory-Lenoir-Morganton, NC Metro Area",366972,60255,223.8339439607676,0,4,0,10.90001417001842
"Peoria, IL Metro Area",365773,70872,148.2273202809041,0,3,0,8.201808225320075
"Spartanburg, SC Metro Area",365086,62440,276.1696769669389,0,3,0,8.217241964906899
"Fort Collins-Loveland, CO Metro Area",363561,91364,140.06028310089286,0,5,0,13.75285027822016
"Lubbock, TX Metro Area",354782,62288,67.39066107348953,0,5,0,14.093161434345598
"Gainesville, FL Metro Area",344521,58946,147.00540874737442,0,3,0,8.70774205345973
"Lincoln, NE Metro Area",341309,73095,242.2366478875219,0,5,0,14.649481847827044
"Greeley, CO Metro Area",340711,93287,85.49927180123684,0,2,0,5.870077573075128
"Rockford, IL Metro Area",336605,66571,424.047814706525,0,5,0,14.854205968419958
"Green Bay, WI Metro Area",329375,77459,176.13421176922137,0,2,0,6.072106261859583
"Clarksville, TN-KY Metro Area",328626,66210,152.28000029515366,0,4,0,12.17189145107204
"Boulder, CO Metro Area",328317,102772,451.98773376754866,1,7,3.0458367979726906,21.320857585808835
"Columbus, GA-AL Metro Area",326136,57762,117.05915186480958,0,3,0,9.198616528074178
"South Bend-Mishawaka, IN-MI Metro Area",324180,65385,342.0019920734732,0,5,0,15.423530137577888
"Roanoke, VA Metro Area",314661,67447,168.4870118279908,0,5,0,15.890116665236556
"Kingsport-Bristol, TN-VA Metro Area",309580,55948,153.982301747622,0,2,0,6.460365656696169
"Kennewick-Richland, WA Metro Area",307900,85881,104.66654062587894,0,4,0,12.991230919129586
"Waco, TX Metro Area",299217,63880,107.43274055331943,0,2,0,6.684112199507381
"Hagerstown-Martinsburg, MD-WV Metro Area",298525,75473,296.15458837489126,0,4,0,13.39921279624822
"Olympia-Lacey-Tumwater, WA Metro Area",296640,93985,410.573728221072,0,5,0,16.8554476806904
"Crestview-Fort Walton Beach-Destin, FL Metro Area",294127,79150,149.44263970794228,0,3,0,10.19967565031432
"Sioux Falls, SD-MN Metro Area",293107,81418,95.85358140125932,0,2,0,6.8234467276455355
"Utica-Rome, NY Metro Area",289577,68830,110.39797994876275,0,2,0,6.906625871529853
"Longview, TX Metro Area",288921,65210,107.78151287545931,0,1,0,3.461153740988021
"Merced, CA Metro Area",285597,65044,147.36657425014198,0,3,0,10.504312020084244
"San Luis Obispo-Paso Robles, CA Metro Area",281486,93398,85.2770359687111,0,3,0,10.657723652330844
"Duluth, MN-WI Metro Area",280710,71067,33.36392598751419,0,1,0,3.5623953546364575
"Norwich-New London-Willimantic, CT Metro Area",279025,84185,466.4915443520832,0,4,0,14.335633007795
"Bremerton-Silverdale-Port Orchard, WA Metro Area",276581,98546,700.0078747075012,0,3,0,10.846732060409066
"Cedar Rapids, IA Metro Area",275960,77084,137.3802644449355,0,2,0,7.247427163357009
"Tuscaloosa, AL Metro Area",275217,59975,78.78495521984867,0,2,0,7.266992954650331
"College Station-Bryan, TX Metro Area",273280,59691,130.11008959377142,0,3,0,10.97775175644028
"Amarillo, TX Metro Area",270207,66571,52.45738472276178,0,2,0,7.401732745635754
"Evansville, IN Metro Area",269721,67671,262.52372151819714,0,4,0,14.830139292083302
"Erie, PA Metro Area",269544,61476,337.39352351139894,0,4,0,14.839877719407593
"Slidell-Mandeville-Covington, LA Metro Area",269331,79277,318.62914037583306,0,3,0,11.138710360114509
"Laredo, TX Metro Area",267731,62506,79.64681722272775,0,2,0,7.470184625613022
"Santa Cruz-Watsonville, CA Metro Area",266021,109266,597.6582373095553,0,4,0,15.036406900207126
"Lynchburg, VA Metro Area",262716,67782,123.89499976907408,0,4,0,15.225566771723075
"Kalamazoo-Portage, MI Metro Area",261437,70525,465.2272567669587,0,2,0,7.650026583842379
"Yakima, WA Metro Area",256605,68015,59.75184495609494,0,1,0,3.8970401979696416
"Fargo, ND-MN Metro Area",254914,75523,90.71316048100194,0,5,0,19.61445820943534
"Bend, OR Metro Area",253650,85509,32.61022752323981,0,3,0,11.827321111768184
"Lake Charles, LA Metro Area",245973,67010,81.98441901611045,0,0,0,0
"Binghamton, NY Metro Area",245844,63347,200.7844648852648,0,1,0,4.06762011682205
"Appleton, WI Metro Area",244163,83919,255.45210723881632,0,1,0,4.095624644192609
"Prescott Valley-Prescott, AZ Metro Area",241656,66106,29.74984867090167,0,4,0,16.552454729036317
"Daphne-Fairhope-Foley, AL Metro Area",239945,75019,150.92185364726907,0,2,0,8.335243493300549
"Tyler, TX Metro Area",238014,71923,258.2972444558046,0,3,0,12.604300587360408
"Champaign-Urbana, IL Metro Area",236196,64558,122.9618021192851,0,3,0,12.701315856322717
"Macon-Bibb County, GA Metro Area",234040,58127,135.78637579262428,0,0,0,0
"Topeka, KS Metro Area",232724,68160,71.99029930293909,0,3,0,12.890806276963271
"Barnstable Town, MA Metro Area",230073,94452,583.6452038893499,0,1,0,4.346446562612736
"Fort Smith, AR-OK Metro Area",228916,56717,127.17363040201192,0,1,0,4.368414614967936
"Bellingham, WA Metro Area",228432,80989,108.36694102072458,0,3,0,13.133011136793444
"Rochester, MN Metro Area",227252,89675,91.73889771688955,0,2,0,8.800802633200147
"Burlington-South Burlington, VT Metro Area",226603,90911,181.3433606359587,0,2,0,8.826008481794151
"Lafayette-West Lafayette, IN Metro Area",225019,59895,137.02037647238822,0,4,0,17.77627666997009
"Monroe, LA Metro Area",224705,49203,79.18210694758149,0,0,0,0
"Charlottesville, VA Metro Area",222937,90552,135.56301549396247,0,4,0,17.942288628626024
"Hilton Head Island-Bluffton-Port Royal, SC Metro Area",222781,81015,180.952715227415,0,2,0,8.977426261665043
"Medford, OR Metro Area",222563,71443,79.96509207331188,0,3,0,13.479329448291043
"Las Cruces, NM Metro Area",221665,55663,58.207615458124074,0,1,0,4.5113121151286855
"Athens-Clarke County, GA Metro Area",218190,62897,212.8626219397164,0,0,0,0
"Lake Havasu City-Kingman, AZ Metro Area",217420,55799,16.307987870511347,0,2,0,9.198785760279645
"Columbia, MO Metro Area",212850,69463,124.17583006087185,0,3,0,14.09443269908386
"Chico, CA Metro Area",209470,68574,127.99958972397005,0,4,0,19.095813242946484
"Johnson City, TN Metro Area",208934,56096,244.69053949131293,0,2,0,9.572400853858156
"Jacksonville, NC Metro Area",208537,64568,273.6400153034346,0,2,0,9.590624205776432
"Gainesville, GA Metro Area",208395,77430,530.7693039995293,0,3,0,14.395738861297056
"Lexington Park, MD Metro Area",208163,123577,364.07819647885566,0,5,0,24.019638456401957
"Yuma, AZ Metro Area",207685,60417,37.666267976384056,0,2,0,9.629968461853288
"Charleston, WV Metro Area",207456,58089,118.81629717922984,0,1,0,4.820299244177079
"Springfield, IL Metro Area",207386,74580,175.36134585737275,0,2,0,9.64385252620717
"Elkhart-Goshen, IN Metro Area",206868,65617,446.6442871989693,0,2,0,9.668000850784075
"Panama City-Panama City Beach, FL Metro Area",206627,67834,153.82328669799756,0,2,0,9.67927715158232
"Houma-Bayou Cane-Thibodaux, LA Metro Area",204032,64269,88.79908994318433,0,0,0,0
"Joplin, MO-KS Metro Area",202258,60146,109.2797759837316,0,1,0,4.944180205480129
"St. Cloud, MN Metro Area",200816,75670,114.67474023043668,0,3,0,14.93904868137997
"Florence, SC Metro Area",199675,53874,146.69894734843837,0,2,0,10.016276449229998
"Racine-Mount Pleasant, WI Metro Area",196888,75331,591.9472689486588,0,1,0,5.079029702165698
"Auburn-Opelika, AL Metro Area",196614,58991,161.6612707264429,0,3,0,15.258323415423112
"Warner Robins, GA Metro Area",195171,78702,370.81476203535414,0,2,0,10.24742405377848
"Punta Gorda, FL Metro Area",195083,66154,286.415984208202,0,2,0,10.252046564795496
"St. George, UT Metro Area",189827,76411,78.19569986153012,0,4,0,21.071818023779542
"Saginaw, MI Metro Area",189210,58347,236.2743678694035,0,2,0,10.57026584218593
"Billings, MT Metro Area",187269,74599,28.90942622214928,0,3,0,16.019736315140253
"Dover, DE Metro Area",185043,72872,315.7401553597428,0,2,0,10.808298611674042
"Bowling Green, KY Metro Area",183194,62437,113.47741909458492,0,2,0,10.9173881240652
"Kingston, NY Metro Area",182109,81804,161.98467831199366,0,1,0,5.491216798730431
"Yuba City, CA Metro Area",182050,74762,147.4444906382567,0,2,0,10.985992859104645
"Blacksburg-Christiansburg-Radford, VA Metro Area",181605,64627,124.8565133199783,0,4,0,22.025825280140968
"Redding, CA Metro Area",181554,71931,48.08548204684739,0,2,0,11.016006257091554
"Jackson, TN Metro Area",180844,58740,105.68357957733652,0,1,0,5.529627745460176
"El Centro, CA Metro Area",179319,56393,42.94522607617116,0,1,0,5.576653896129244
"Abilene, TX Metro Area",178244,66464,64.96923607643818,0,2,0,11.22057404456812
"Coeur d'Alene, ID Metro Area",177736,77034,143.5925165228975,0,1,0,5.626322185713643
"Iowa City, IA Metro Area",177420,74142,150.12366895464794,0,3,0,16.909029421711196
"Midland, TX Metro Area",176726,93442,97.35289043614787,0,1,0,5.658476964340278
"Muskegon-Norton Shores, MI Metro Area",175378,63495,348.0319065554865,0,1,0,5.70196946025157
"Burlington, NC Metro Area",174286,64445,411.5812279865258,0,1,0,5.737695511974571
"Eau Claire, WI Metro Area",172886,72513,105.01630255348842,0,2,0,11.56831669423782
"Greenville, NC Metro Area",172279,58851,264.0833536039286,0,3,0,17.413613963396585
"Oshkosh-Neenah, WI Metro Area",171357,72873,394.1983383441747,0,2,0,11.671539534422289
"Bloomington, IL Metro Area",170882,78329,144.41778363559075,0,3,0,17.555974298053627
"La Crosse-Onalaska, WI-MN Metro Area",169945,71009,94.65137737061464,0,1,0,5.884256671276001
"Terre Haute, IN Metro Area",168850,55380,115.2306672698758,0,1,0,5.922416345869115
"Pueblo, CO Metro Area",168726,62250,70.69748685256958,0,1,0,5.926768844161541
"Kenosha, WI Metro Area",168413,79412,619.5456920103026,0,2,0,11.875567800585465
"Waterloo-Cedar Falls, IA Metro Area",168163,68916,111.87808461655416,0,0,0,0
"Kahului-Wailuku, HI Metro Area",164675,95049,140.32434580834675,0,0,0,0
"Janesville-Beloit, WI Metro Area",163944,74390,228.28104417629615,0,1,0,6.099643780803201
"Sebastian-Vero Beach-West Vero Corridor, FL Metro Area",163856,71049,326.0637890781212,0,1,0,6.102919636754224
"Odessa, TX Metro Area",163206,71031,181.7673837902892,0,2,0,12.25445142948176
"Idaho Falls, ID Metro Area",161944,77300,31.166286837424614,0,1,0,6.174974065108926
"Bloomington, IN Metro Area",161256,62949,206.7870593613913,1,3,6.201319640819566,18.6039589224587
"Jackson, MI Metro Area",160187,65004,228.22009866768852,0,0,0,0
"Homosassa Springs, FL Metro Area",158693,55355,272.709436401123,0,2,0,12.602950350677093
"State College, PA Metro Area",158041,72748,142.73173704057987,0,4,0,25.309887940471143
"Grand Junction, CO Metro Area",157316,71485,47.260192557199645,0,2,0,12.713265020722622
"Decatur, AL Metro Area",156924,63987,123.52784024662589,0,1,0,6.372511534245876
"Chambersburg, PA Metro Area",156626,74946,202.80543171481452,0,1,0,6.384636011900962
"Amherst Town-Northampton, MA Metro Area",156595,86391,297.0114442473728,0,2,0,12.7717998658961
"Santa Fe, NM Metro Area",155175,74689,81.22729827108701,0,1,0,6.44433703882713
"Monroe, MI Metro Area",155001,75272,282.15182167202386,0,1,0,6.451571280185289
"Traverse City, MI Metro Area",154657,77495,91.46026030957432,0,0,0,0
"Hattiesburg, MS Metro Area",154567,59008,96.01070005016788,0,0,0,0
"Bangor, ME Metro Area",153571,63248,45.20540795095047,0,1,0,6.511646079012313
"Niles, MI Metro Area",153411,63152,270.1939110766041,0,0,0,0
"Vineland, NJ Metro Area",152915,64499,316.3453892887269,0,3,0,19.618742438609686
"Hanford-Corcoran, CA Metro Area",152830,68750,109.87277848933896,0,2,0,13.086435909180135
"Florence-Muscle Shoals, AL Metro Area",152685,58049,121.08532411776952,0,1,0,6.549431836788159
"Dothan, AL Metro Area",151804,56772,88.45343166582259,0,1,0,6.587441701140945
"Logan, UT-ID Metro Area",151746,77520,83.02539867809017,0,1,0,6.589959537648439
"Rapid City, SD Metro Area",151064,71985,19.35566078016037,0,0,0,0
"Alexandria, LA Metro Area",150593,56492,76.52628185749803,0,0,0,0
"Jefferson City, MO Metro Area",150147,72425,66.79943716411647,0,1,0,6.6601397297315295
"Valdosta, GA Metro Area",149139,54581,92.78460490353984,0,2,0,13.41030850414714
"Wichita Falls, TX Metro Area",148978,63618,56.869630255872224,0,1,0,6.712400488662755
"Texarkana, TX-AR Metro Area",146868,55046,71.9858532473235,0,1,0,6.808835144483482
"Albany, GA Metro Area",146768,54219,92.25057946658472,0,1,0,6.813474326828736
"Winchester, VA-WV Metro Area",144676,82413,136.13623575213649,0,2,0,13.823992922115623
"Flagstaff, AZ Metro Area",144643,69748,7.769674367404919,0,2,0,13.82714683738584
"Rocky Mount, NC Metro Area",144228,57437,137.90109552690066,0,1,0,6.9334664558892865
"Sioux City, IA-NE-SD Metro Area",144007,72027,90.12100873571202,0,1,0,6.944106883693154
"Lebanon, PA Metro Area",143592,76350,396.84361959929595,0,1,0,6.964176277229929
"Dalton, GA Metro Area",143400,65715,225.8484951541567,0,1,0,6.97350069735007
"Morgantown, WV Metro Area",140724,62394,139.48178908658156,0,3,0,21.318325232369748
"Sherman-Denison, TX Metro Area",139988,70455,150.06771580869207,0,2,0,14.28693888047547
"Wausau, WI Metro Area",138067,76185,89.35254157791195,0,1,0,7.242860350409584
"Wheeling, WV-OH Metro Area",138015,58705,146.2971569175114,0,2,0,14.491178495091113
"Wildwood-The Villages, FL Metro Area",137536,73297,246.8589697777209,0,1,0,7.270823638901815
"Harrisonburg, VA Metro Area",136231,72145,157.1058023205468,0,2,0,14.680946333800678
"Napa, CA Metro Area",136070,108970,180.95014691553465,0,2,0,14.698317042698612
"Springfield, OH Metro Area",135445,60846,342.13732454141916,0,2,0,14.76614123814094
"Hammond, LA Metro Area",135218,57256,170.9085850309239,0,1,0,7.395465100800189
"Jonesboro, AR Metro Area",134837,55478,92.01018403528737,0,1,0,7.416361977795412
"Bismarck, ND Metro Area",134286,83982,31.368007610876138,0,0,0,0
"Battle Creek, MI Metro Area",133846,60385,189.51324070348204,0,0,0,0
"Manhattan, KS Metro Area",133413,64096,72.70281667110021,0,2,0,14.991042851895992
"Johnstown, PA Metro Area",132355,56292,192.38676695290297,0,2,0,15.110876053039174
"Mount Vernon-Anacortes, WA Metro Area",130407,85474,75.36970380202186,0,2,0,15.33660002913954
"Albany, OR Metro Area",129794,73396,56.69079358049413,0,2,0,15.409032775012712
"Salisbury, MD Metro Area",128802,69592,185.5460129596948,0,2,0,15.527709197062157
"Pittsfield, MA Metro Area",128047,72565,138.14933450299668,0,1,0,7.809632400602904
"Cleveland, TN Metro Area",127445,63490,166.95111643386448,0,1,0,7.846522029110597
"Lawton, OK Metro Area",127174,59060,74.72211909055582,0,0,0,0
"Elizabethtown, KY Metro Area",126480,67630,142.92505824666625,0,0,0,0
"Glens Falls, NY Metro Area",126443,74953,74.44778316670784,0,0,0,0
"Staunton-Stuarts Draft, VA Metro Area",126052,70949,125.80494689984351,0,2,0,15.86646780693682
"Sierra Vista-Douglas, AZ Metro Area",125458,58970,20.20302142569379,0,1,0,7.970795007094009
"Ames, IA Metro Area",125261,71090,109.58919066630452,0,1,0,7.983330805278578
"Mansfield, OH Metro Area",125138,57649,252.688249003013,0,2,0,15.982355479550575
"Missoula, MT Metro Area",124435,70888,32.6375907012303,0,1,0,8.036324185317635
"Wenatchee-East Wenatchee, WA Metro Area",123251,79007,26.00000951173502,0,1,0,8.113524433878833
"Bozeman, MT Metro Area",122194,87454,46.9011302030929,0,2,0,16.367415748727435
"Altoona, PA Metro Area",121854,60594,232.0734080911595,0,1,0,8.206542255486074
"Farmington, NM Metro Area",121178,53020,21.9635499580948,0,1,0,8.252323028932645
"San Angelo, TX Metro Area",120830,66037,46.94498383537979,0,2,0,16.552180749813786
"Morristown, TN Metro Area",120765,58130,276.7679757672077,0,1,0,8.280544859851778
"St. Joseph, MO-KS Metro Area",120609,62900,72.84408709205395,0,1,0,8.291255213126716
"Lawrence, KS Metro Area",119547,68756,262.2991673946702,0,3,0,25.09473261562398
"Sheboygan, WI Metro Area",117783,71898,230.26119946399547,0,0,0,0
"Goldsboro, NC Metro Area",117606,58082,212.31512886447084,0,1,0,8.50296753566995
"Twin Falls, ID Metro Area",116909,66473,46.40614165425847,0,1,0,8.553661394760027
"Anniston-Oxford, AL Metro Area",116141,55826,191.686551021687,0,1,0,8.610223779716035
"Watertown-Fort Drum, NY Metro Area",116130,64978,91.5902288328684,0,1,0,8.611039352449842
"Weirton-Steubenville, WV-OH Metro Area",115566,57149,199.2757671840116,0,2,0,17.306128099960194
"Sandusky, OH Metro Area",115099,70687,227.47294712730363,0,1,0,8.688172790380454
"Brunswick-St. Simons, GA Metro Area",114345,64819,88.3506758976745,0,1,0,8.745463290917836
"Beckley, WV Metro Area",113653,52345,89.70731466360128,0,1,0,8.798711868582439
"Williamsport, PA Metro Area",113570,64412,92.41451863792024,0,1,0,8.805142203046579
"Lewiston-Auburn, ME Metro Area",112323,67298,240.02997879281585,0,1,0,8.902896112105267
"Owensboro, KY Metro Area",112322,65656,157.99486298388692,0,1,0,8.902975374370113
"Michigan City-La Porte, IN Metro Area",112141,70452,187.43623013273896,0,2,0,17.834690256016977
"Muncie, IN Metro Area",112109,56932,285.91251622019786,0,1,0,8.919890463745105
"Longview-Kelso, WA Metro Area",111539,72932,97.74187945876824,0,1,0,8.965473959780883
"Kankakee, IL Metro Area",106833,68325,157.92248515748534,0,1,0,9.36040362060412
"Gettysburg, PA Metro Area",105183,81071,202.78458461247897,0,0,0,0
"Sumter, SC Metro Area",104853,55990,157.6551238832932,0,1,0,9.537161549979494
"Fond du Lac, WI Metro Area",104053,73154,144.60523032864296,0,0,0,0
"Sebring, FL Metro Area",103808,55581,102.00659283446298,0,1,0,9.633168927250308
"Mankato, MN Metro Area",103736,74722,86.71018515090883,0,3,0,28.919565049741653
"Grand Forks, ND-MN Metro Area",103669,68653,30.426229366193553,0,0,0,0
"Bay City, MI Metro Area",103235,60523,233.34724135965232,0,1,0,9.686637283866906
"Gadsden, AL Metro Area",103208,53070,192.87413198277756,0,0,0,0
"Paducah, KY-IL Metro Area",102924,62286,83.308654031009,0,1,0,9.715906882748437
"Ithaca, NY Metro Area",102879,73012,216.749989227544,0,1,0,9.720156688925826
"Pinehurst-Southern Pines, NC Metro Area",102840,82837,147.41642992964094,0,1,0,9.72384286269934
"Decatur, IL Metro Area",102591,62449,176.71399497098807,0,1,0,9.747443732881052
"Lima, OH Metro Area",101685,62001,252.60514753641925,0,2,0,19.668584353641148
"Cheyenne, WY Metro Area",100661,77884,37.47807462262914,0,1,0,9.93433405191683
"Hot Springs, AR Metro Area",100062,55409,147.6680209739909,0,1,0,9.993803841618195
"Rome, GA Metro Area",98985,62540,194.15175301739265,0,1,0,10.102540789008437
"Dubuque, IA Metro Area",98948,75919,162.6635466247701,0,1,0,10.106318470307636
"Victoria, TX Metro Area",98377,69618,56.73094211773104,0,0,0,0
"Cape Girardeau, MO-IL Metro Area",97813,67267,68.3139979552482,0,1,0,10.223589911361476
"Corvallis, OR Metro Area",96359,76011,142.71000566281617,0,2,0,20.75571560518478
"Fairbanks-College, AK Metro Area",95555,84722,13.027706715424976,0,0,0,0
"Helena, MT Metro Area",92391,74040,14.647250072871296,0,1,0,10.823565065861391
"Parkersburg-Vienna, WV Metro Area",88960,56029,148.51151224146014,0,1,0,11.241007194244604
"Pocatello, ID Metro Area",88457,64080,79.51270832344417,0,1,0,11.304927818035882
"Grants Pass, OR Metro Area",88069,59097,53.744892195061546,0,1,0,11.354733220542984
"Great Falls, MT Metro Area",84601,66203,31.354542482053404,0,1,0,11.820191250694435
"Hinesville, GA Metro Area",84338,60329,91.98552858721638,0,1,0,11.857051388460718
"Midland, MI Metro Area",83641,77538,161.51305531993518,0,0,0,0
"Kokomo, IN Metro Area",83610,62496,285.2861420723049,0,2,0,23.92058366224136
"Columbus, IN Metro Area",82881,80365,203.66901953938276,0,1,0,12.065491487795756
"Elmira, NY Metro Area",82805,63469,203.2856072355026,0,0,0,0
"Casper, WY Metro Area",79735,71247,14.930146100558687,0,0,0,0
"Minot, ND Metro Area",76773,79195,16.114515720069967,0,0,0,0
"Grand Island, NE Metro Area",76619,67397,47.779657026602194,0,1,0,13.05159294691917
"Lewiston, ID-WA Metro Area",64901,70694,43.7221632430152,0,0,0,0
"Enid, OK Metro Area",62322,67302,58.877250911970464,0,0,0,0
"Walla Walla, WA Metro Area",62102,72212,48.89794221980275,0,1,0,16.102540980966797
"Carson City, NV Metro Area",58364,71809,403.8080686840248,0,1,0,17.13384963333562
"Eagle Pass, TX Metro Area",57770,51270,45.15128864140057,0,0,0,0
